<?xml version="1.0" encoding="UTF-8"?>
<!DOCTYPE suite SYSTEM "http://testng.org/testng-1.0.dtd">
<suite name="Suite">
    <listeners>

        <!--        <listener class-name="org.testng.reporters.EmailableReporter"/>-->

        <listener class-name="org.testng.reporters.TestHTMLReporter"/>
    </listeners>
    <test name="Test">

<!--        <classes>-->
<!--            <class name="Test.Nur.US_009.TC002"></class>-->
<!--            <class name="Test.Nur.US_009.TC006"></class>-->
<!--        </classes>-->
        <packages>
            <package name="Test.Nur.US_009"/>

<!--            <package name="Test.Nur.US_011"/>-->
<!--            <package name="Test.Nur.US_012"/>-->
<!--            <package name="Test.Nur.US_012"/>-->
        </packages>
    </test>
</suite>