<?xml version="1.0" encoding="UTF-8"?>
<!DOCTYPE suite SYSTEM "http://testng.org/testng-1.0.dtd">
<suite name="Suite" >
    <listeners>
        <listener class-name="org.testng.reporters.TestHTMLReporter"/>
        <!--        <listener class-name="org.testng.reporters.EmailableReporter"/>-->
        <!--        <listener class-name="org.testng.reporters.FailedReporter"/>-->
        <!--        <listener class-name="org.testng.reporters.EmailableReporter2"/>-->
    </listeners>
    <test name="User Story 25-26-27-29">
        <packages>
            <package name="Test.US_025"></package>
            <package name="Test.US_026"></package>
            <package name="Test.US_027"></package>
            <package name="Test.US_028"></package>
        </packages>
    </test>
</suite>