<?xml version="1.0" encoding="UTF-8"?>
<!DOCTYPE suite SYSTEM "http://testng.org/testng-1.0.dtd">
<suite name="Sample Suite">

    <test name="Sample Test">
        <classes>
            <class name="Test.Cihat.US021.TC001_DNRunner1"></class>
            <class name="Test.Cihat.US021.TC001_DNRunner2"></class>
            <class name="Test.Cihat.US022.TC001_DNRunner3"></class>
            <class name="Test.Cihat.US023.TC001_BRunner1"></class>
            <class name="Test.Cihat.US024.TC001_BRunner2"></class>
        </classes>
    </test>
</suite>