<?xml version="1.0" encoding="UTF-8"?>
<!DOCTYPE suite SYSTEM "http://testng.org/testng-1.0.dtd">
<suite name="Suite">
    <listeners>
        <!--        Kendi yazdigimiz listener classimiz-->

        <!--        <listener class-name="cw.tests.Day18.C01_Listener"/>-->

        <!--        Bizler icin hazir yazilan TestNG Listener classlari -->

        <!--        <listener class-name="org.testng.reporters.EmailableReporter"/>-->
        <!--        <listener class-name="org.testng.reporters.FailedReporter"/>-->
        <!--        <listener class-name="org.testng.reporters.EmailableReporter2"/>-->
        <listener class-name="org.testng.reporters.TestHTMLReporter"/>
    </listeners>
    <test name="Bags and Daily Needs Tests">

        <classes>
            <class name="Test.Aydn.US_017.TC001"/>
            <class name="Test.Aydn.US_018.TC002"/>
            <class name="Test.Aydn.US_019.TC003"/>
            <class name="Test.Aydn.US_020.TC004"/>
        </classes>
    </test>
</suite>